<?xml version="1.0"?>
<!DOCTYPE hibernate-mapping PUBLIC "-//Hibernate/Hibernate Mapping DTD 3.0//EN" "http://hibernate.sourceforge.net/hibernate-mapping-3.0.dtd">

<hibernate-mapping default-lazy="false" auto-import="false">
	<import class="com.napier.portal.db.model.BedAllocation" />
	<import class="com.napier.portal.db.model.BedReservation" />
	<import class="com.napier.portal.db.model.Deposit" />
	<import class="com.napier.portal.db.model.DiagnosticReport" />
	<import class="com.napier.portal.db.model.DischargeSummary" />
	<import class="com.napier.portal.db.model.DoctorAppointment" />
	<import class="com.napier.portal.db.model.DoctorInformation" />
	<import class="com.napier.portal.db.model.LabReport" />
	<import class="com.napier.portal.db.model.NapierUser" />
	<import class="com.napier.portal.db.model.PatientBill" />
	<class name="com.napier.portal.db.model.impl.BedAllocationImpl" table="NH_PP_BedAllocation">
		<cache usage="read-write" />
		<id name="bedAllocationId" type="long">
			<generator class="assigned" />
		</id>
		<property name="bedReservationNumber" type="com.liferay.portal.dao.orm.hibernate.StringType" />
		<property name="bedReservationDate" type="org.hibernate.type.TimestampType" />
		<property name="mrNumber" type="com.liferay.portal.dao.orm.hibernate.StringType" />
		<property name="ipNumber" type="com.liferay.portal.dao.orm.hibernate.StringType" />
		<property name="bedNumber" type="com.liferay.portal.dao.orm.hibernate.StringType" />
		<property name="joiningDate" type="org.hibernate.type.TimestampType" />
		<property name="admissionDate" type="org.hibernate.type.TimestampType" />
		<property name="patientName" type="com.liferay.portal.dao.orm.hibernate.StringType" />
		<property name="age" type="com.liferay.portal.dao.orm.hibernate.IntegerType" />
		<property name="gender" type="com.liferay.portal.dao.orm.hibernate.StringType" />
		<property name="mobile" type="com.liferay.portal.dao.orm.hibernate.StringType" />
		<property name="email" type="com.liferay.portal.dao.orm.hibernate.StringType" />
		<property name="status" type="com.liferay.portal.dao.orm.hibernate.StringType" />
		<property name="createdUserId" type="com.liferay.portal.dao.orm.hibernate.LongType" />
	</class>
	<class name="com.napier.portal.db.model.impl.BedReservationImpl" table="NH_PP_BedReservation">
		<cache usage="read-write" />
		<id name="bedReservationId" type="long">
			<generator class="assigned" />
		</id>
		<property name="bedClass" type="com.liferay.portal.dao.orm.hibernate.StringType" />
		<property name="ward" type="com.liferay.portal.dao.orm.hibernate.StringType" />
		<property name="totalBedCount" type="com.liferay.portal.dao.orm.hibernate.IntegerType" />
		<property name="vacantBedCount" type="com.liferay.portal.dao.orm.hibernate.IntegerType" />
		<property name="hospitalTariff" type="com.liferay.portal.dao.orm.hibernate.DoubleType" />
		<property name="gender" type="com.liferay.portal.dao.orm.hibernate.StringType" />
	</class>
	<class name="com.napier.portal.db.model.impl.DepositImpl" table="NH_PP_Deposit">
		<cache usage="read-write" />
		<id name="depositId" type="long">
			<generator class="assigned" />
		</id>
		<property name="mrNumber" type="com.liferay.portal.dao.orm.hibernate.StringType" />
		<property name="ipNumber" type="com.liferay.portal.dao.orm.hibernate.StringType" />
		<property name="depositNumber" type="com.liferay.portal.dao.orm.hibernate.StringType" />
		<property name="depositAmount" type="com.liferay.portal.dao.orm.hibernate.DoubleType" />
		<property name="depositAgainst" type="com.liferay.portal.dao.orm.hibernate.StringType" />
		<property name="patientBillId" type="com.liferay.portal.dao.orm.hibernate.LongType" />
	</class>
	<class name="com.napier.portal.db.model.impl.DiagnosticReportImpl" table="NH_PP_DiagnosticReport">
		<cache usage="read-write" />
		<id name="diagnosticId" type="long">
			<generator class="assigned" />
		</id>
		<property name="mrNumber" type="com.liferay.portal.dao.orm.hibernate.StringType" />
		<property name="orderNumber" type="com.liferay.portal.dao.orm.hibernate.StringType" />
		<property name="orderDate" type="org.hibernate.type.TimestampType" />
		<property name="reportedOn" type="org.hibernate.type.TimestampType" />
		<property name="ipNumber" type="com.liferay.portal.dao.orm.hibernate.StringType" />
		<property name="testName" type="com.liferay.portal.dao.orm.hibernate.StringType" />
		<property name="departmentName" type="com.liferay.portal.dao.orm.hibernate.StringType" />
		<property name="status" type="com.liferay.portal.dao.orm.hibernate.BooleanType" />
		<property name="docPath" type="com.liferay.portal.dao.orm.hibernate.StringType" />
	</class>
	<class name="com.napier.portal.db.model.impl.DischargeSummaryImpl" table="NH_PP_DischargeSummary">
		<cache usage="read-write" />
		<id name="dischargeSummaryId" type="long">
			<generator class="assigned" />
		</id>
		<property name="mrNumber" type="com.liferay.portal.dao.orm.hibernate.StringType" />
		<property name="ipNumber" type="com.liferay.portal.dao.orm.hibernate.StringType" />
		<property name="docPath" type="com.liferay.portal.dao.orm.hibernate.StringType" />
		<property name="departmentName" type="com.liferay.portal.dao.orm.hibernate.StringType" />
		<property name="status" type="com.liferay.portal.dao.orm.hibernate.BooleanType" />
		<property name="ward" type="com.liferay.portal.dao.orm.hibernate.StringType" />
		<property name="bedClass" type="com.liferay.portal.dao.orm.hibernate.StringType" />
		<property name="dischargeDate" type="org.hibernate.type.TimestampType" />
		<property name="admissionDate" type="org.hibernate.type.TimestampType" />
		<property name="primaryDoctor" type="com.liferay.portal.dao.orm.hibernate.StringType" />
		<property name="chiefComplaint" type="com.liferay.portal.dao.orm.hibernate.StringType" />
	</class>
	<class name="com.napier.portal.db.model.impl.DoctorAppointmentImpl" table="NH_PP_DoctorAppointment">
		<cache usage="read-write" />
		<id name="appointmentId" type="long">
			<generator class="assigned" />
		</id>
		<property name="appointmentNumber" type="com.liferay.portal.dao.orm.hibernate.StringType" />
		<property name="appointmentDate" type="org.hibernate.type.TimestampType" />
		<property name="doctorName" type="com.liferay.portal.dao.orm.hibernate.StringType" />
		<property name="specialization" type="com.liferay.portal.dao.orm.hibernate.StringType" />
		<property name="mrNumber" type="com.liferay.portal.dao.orm.hibernate.StringType" />
		<property name="creationDate" type="org.hibernate.type.TimestampType" />
		<property name="fromTime" type="com.liferay.portal.dao.orm.hibernate.StringType" />
		<property name="toTime" type="com.liferay.portal.dao.orm.hibernate.StringType" />
		<property name="status" type="com.liferay.portal.dao.orm.hibernate.StringType" />
		<property name="patientName" type="com.liferay.portal.dao.orm.hibernate.StringType" />
		<property name="age" type="com.liferay.portal.dao.orm.hibernate.IntegerType" />
		<property name="gender" type="com.liferay.portal.dao.orm.hibernate.StringType" />
		<property name="mobile" type="com.liferay.portal.dao.orm.hibernate.StringType" />
		<property name="email" type="com.liferay.portal.dao.orm.hibernate.StringType" />
		<property name="complaint" type="com.liferay.portal.dao.orm.hibernate.StringType" />
		<property name="createdByUserId" type="com.liferay.portal.dao.orm.hibernate.LongType" />
	</class>
	<class name="com.napier.portal.db.model.impl.DoctorInformationImpl" table="NH_PP_DoctorInformation">
		<cache usage="read-write" />
		<id name="doctorInfoId" type="long">
			<generator class="assigned" />
		</id>
		<property name="specialization" type="com.liferay.portal.dao.orm.hibernate.StringType" />
		<property name="doctorName" type="com.liferay.portal.dao.orm.hibernate.StringType" />
	</class>
	<class name="com.napier.portal.db.model.impl.LabReportImpl" table="NH_PP_LabReport">
		<cache usage="read-write" />
		<id name="labId" type="long">
			<generator class="assigned" />
		</id>
		<property name="mrNumber" type="com.liferay.portal.dao.orm.hibernate.StringType" />
		<property name="orderNumber" type="com.liferay.portal.dao.orm.hibernate.StringType" />
		<property name="orderDate" type="org.hibernate.type.TimestampType" />
		<property name="reportedOn" type="org.hibernate.type.TimestampType" />
		<property name="testName" type="com.liferay.portal.dao.orm.hibernate.StringType" />
		<property name="ipNumber" type="com.liferay.portal.dao.orm.hibernate.StringType" />
		<property name="docPath" type="com.liferay.portal.dao.orm.hibernate.StringType" />
		<property name="departmentName" type="com.liferay.portal.dao.orm.hibernate.StringType" />
		<property name="status" type="com.liferay.portal.dao.orm.hibernate.BooleanType" />
	</class>
	<class name="com.napier.portal.db.model.impl.NapierUserImpl" table="NH_PP_NapierUser">
		<cache usage="read-write" />
		<id name="napierUserId" type="long">
			<generator class="assigned" />
		</id>
		<property name="portalUserId" type="com.liferay.portal.dao.orm.hibernate.LongType" />
		<property name="mrNumber" type="com.liferay.portal.dao.orm.hibernate.StringType" />
		<property name="tpaId" type="com.liferay.portal.dao.orm.hibernate.StringType" />
		<property name="coroporateId" type="com.liferay.portal.dao.orm.hibernate.StringType" />
		<property name="doctorId" type="com.liferay.portal.dao.orm.hibernate.StringType" />
		<property name="age" type="com.liferay.portal.dao.orm.hibernate.IntegerType" />
		<property name="mobile" type="com.liferay.portal.dao.orm.hibernate.StringType" />
		<property name="gender" type="com.liferay.portal.dao.orm.hibernate.StringType" />
		<property name="specialization" type="com.liferay.portal.dao.orm.hibernate.StringType" />
		<property name="userType" type="com.liferay.portal.dao.orm.hibernate.StringType" />
		<property name="email" type="com.liferay.portal.dao.orm.hibernate.StringType" />
		<property name="name" type="com.liferay.portal.dao.orm.hibernate.StringType" />
		<property name="address" type="com.liferay.portal.dao.orm.hibernate.StringType" />
		<property name="street1" type="com.liferay.portal.dao.orm.hibernate.StringType" />
		<property name="street2" type="com.liferay.portal.dao.orm.hibernate.StringType" />
		<property name="postalCode" type="com.liferay.portal.dao.orm.hibernate.StringType" />
	</class>
	<class name="com.napier.portal.db.model.impl.PatientBillImpl" table="NH_PP_PatientBill">
		<cache usage="read-write" />
		<id name="patientBillId" type="long">
			<generator class="assigned" />
		</id>
		<property name="mrNumber" type="com.liferay.portal.dao.orm.hibernate.StringType" />
		<property name="ipNumber" type="com.liferay.portal.dao.orm.hibernate.StringType" />
		<property name="billNumber" type="com.liferay.portal.dao.orm.hibernate.StringType" />
		<property name="company" type="com.liferay.portal.dao.orm.hibernate.StringType" />
		<property name="sponser" type="com.liferay.portal.dao.orm.hibernate.StringType" />
		<property name="planName" type="com.liferay.portal.dao.orm.hibernate.StringType" />
		<property name="planExpiry" type="org.hibernate.type.TimestampType" />
		<property name="admissionDate" type="org.hibernate.type.TimestampType" />
		<property name="isBillgenerated" type="com.liferay.portal.dao.orm.hibernate.BooleanType" />
		<property name="isBalanceAmount" type="com.liferay.portal.dao.orm.hibernate.BooleanType" />
		<property name="billAmount" type="com.liferay.portal.dao.orm.hibernate.DoubleType" />
		<property name="paidAmount" type="com.liferay.portal.dao.orm.hibernate.DoubleType" />
	</class>
</hibernate-mapping>