<?xml version="1.0"?>

<entity-mappings xmlns="http://java.sun.com/xml/ns/persistence/orm" xmlns:xsi="http://www.w3.org/2001/XMLSchema-instance" version="1.0" xsi:schemaLocation="http://java.sun.com/xml/ns/persistence/orm http://java.sun.com/xml/ns/persistence/orm_1_0.xsd">
	<persistence-unit-metadata>
		<xml-mapping-metadata-complete/>
		<persistence-unit-defaults>
			<access>PROPERTY</access>
		</persistence-unit-defaults>
	</persistence-unit-metadata>
	<mapped-superclass class="com.napier.portal.db.model.impl.BedAllocationModelImpl">
		<attributes>
			<id name="bedAllocationId" />
			<basic name="bedReservationNumber" />
			<basic name="bedReservationDate">
				<temporal>TIMESTAMP</temporal>
			</basic>
			<basic name="mrNumber" />
			<basic name="ipNumber" />
			<basic name="bedNumber" />
			<basic name="joiningDate">
				<temporal>TIMESTAMP</temporal>
			</basic>
			<basic name="admissionDate">
				<temporal>TIMESTAMP</temporal>
			</basic>
			<basic name="patientName" />
			<basic name="age" />
			<basic name="gender" />
			<basic name="mobile" />
			<basic name="email" />
			<basic name="status" />
			<basic name="createdUserId" />
			<transient name="createdUserUuid" />
			<transient name="modelAttributes" />
			<transient name="primaryKey" />
			<transient name="primaryKeyObj" />
		</attributes>
	</mapped-superclass>
	<mapped-superclass class="com.napier.portal.db.model.impl.BedReservationModelImpl">
		<attributes>
			<id name="bedReservationId" />
			<basic name="bedClass" />
			<basic name="ward" />
			<basic name="totalBedCount" />
			<basic name="vacantBedCount" />
			<basic name="hospitalTariff" />
			<basic name="gender" />
			<transient name="modelAttributes" />
			<transient name="primaryKey" />
			<transient name="primaryKeyObj" />
		</attributes>
	</mapped-superclass>
	<mapped-superclass class="com.napier.portal.db.model.impl.DepositModelImpl">
		<attributes>
			<id name="depositId" />
			<basic name="mrNumber" />
			<basic name="ipNumber" />
			<basic name="depositNumber" />
			<basic name="depositAmount" />
			<basic name="depositAgainst" />
			<basic name="depositDate">
				<temporal>TIMESTAMP</temporal>
			</basic>
			<basic name="patientBillId" />
			<transient name="modelAttributes" />
			<transient name="primaryKey" />
			<transient name="primaryKeyObj" />
		</attributes>
	</mapped-superclass>
	<mapped-superclass class="com.napier.portal.db.model.impl.DiagnosticReportModelImpl">
		<attributes>
			<id name="diagnosticId" />
			<basic name="mrNumber" />
			<basic name="orderNumber" />
			<basic name="orderDate">
				<temporal>TIMESTAMP</temporal>
			</basic>
			<basic name="reportedOn">
				<temporal>TIMESTAMP</temporal>
			</basic>
			<basic name="ipNumber" />
			<basic name="testName" />
			<basic name="departmentName" />
			<basic name="status" />
			<basic name="docPath" />
			<transient name="modelAttributes" />
			<transient name="primaryKey" />
			<transient name="primaryKeyObj" />
		</attributes>
	</mapped-superclass>
	<mapped-superclass class="com.napier.portal.db.model.impl.DischargeSummaryModelImpl">
		<attributes>
			<id name="dischargeSummaryId" />
			<basic name="mrNumber" />
			<basic name="ipNumber" />
			<basic name="docPath" />
			<basic name="departmentName" />
			<basic name="status" />
			<basic name="ward" />
			<basic name="bedClass" />
			<basic name="dischargeDate">
				<temporal>TIMESTAMP</temporal>
			</basic>
			<basic name="admissionDate">
				<temporal>TIMESTAMP</temporal>
			</basic>
			<basic name="primaryDoctor" />
			<basic name="chiefComplaint" />
			<transient name="modelAttributes" />
			<transient name="primaryKey" />
			<transient name="primaryKeyObj" />
		</attributes>
	</mapped-superclass>
	<mapped-superclass class="com.napier.portal.db.model.impl.DoctorAppointmentModelImpl">
		<attributes>
			<id name="appointmentId" />
			<basic name="appointmentNumber" />
			<basic name="appointmentDate">
				<temporal>TIMESTAMP</temporal>
			</basic>
			<basic name="doctorName" />
			<basic name="specialization" />
			<basic name="mrNumber" />
			<basic name="creationDate">
				<temporal>TIMESTAMP</temporal>
			</basic>
			<basic name="fromTime" />
			<basic name="toTime" />
			<basic name="status" />
			<basic name="patientName" />
			<basic name="age" />
			<basic name="gender" />
			<basic name="mobile" />
			<basic name="email" />
			<basic name="complaint" />
			<basic name="createdByUserId" />
			<transient name="createdByUserUuid" />
			<transient name="modelAttributes" />
			<transient name="primaryKey" />
			<transient name="primaryKeyObj" />
		</attributes>
	</mapped-superclass>
	<mapped-superclass class="com.napier.portal.db.model.impl.DoctorInformationModelImpl">
		<attributes>
			<id name="doctorInfoId" />
			<basic name="specialization" />
			<basic name="doctorName" />
			<transient name="modelAttributes" />
			<transient name="primaryKey" />
			<transient name="primaryKeyObj" />
		</attributes>
	</mapped-superclass>
	<mapped-superclass class="com.napier.portal.db.model.impl.LabReportModelImpl">
		<attributes>
			<id name="labId" />
			<basic name="mrNumber" />
			<basic name="orderNumber" />
			<basic name="orderDate">
				<temporal>TIMESTAMP</temporal>
			</basic>
			<basic name="reportedOn">
				<temporal>TIMESTAMP</temporal>
			</basic>
			<basic name="testName" />
			<basic name="ipNumber" />
			<basic name="docPath" />
			<basic name="departmentName" />
			<basic name="status" />
			<transient name="modelAttributes" />
			<transient name="primaryKey" />
			<transient name="primaryKeyObj" />
		</attributes>
	</mapped-superclass>
	<mapped-superclass class="com.napier.portal.db.model.impl.NapierUserModelImpl">
		<attributes>
			<id name="napierUserId" />
			<basic name="portalUserId" />
			<basic name="mrNumber" />
			<basic name="tpaId" />
			<basic name="coroporateId" />
			<basic name="doctorId" />
			<basic name="age" />
			<basic name="mobile" />
			<basic name="gender" />
			<basic name="specialization" />
			<basic name="userType" />
			<basic name="email" />
			<basic name="name" />
			<basic name="address" />
			<basic name="street1" />
			<basic name="street2" />
			<basic name="postalCode" />
			<transient name="modelAttributes" />
			<transient name="napierUserUuid" />
			<transient name="portalUserUuid" />
			<transient name="primaryKey" />
			<transient name="primaryKeyObj" />
		</attributes>
	</mapped-superclass>
	<mapped-superclass class="com.napier.portal.db.model.impl.PatientBillModelImpl">
		<attributes>
			<id name="patientBillId" />
			<basic name="mrNumber" />
			<basic name="ipNumber" />
			<basic name="billNumber" />
			<basic name="company" />
			<basic name="sponser" />
			<basic name="planName" />
			<basic name="planExpiry">
				<temporal>TIMESTAMP</temporal>
			</basic>
			<basic name="admissionDate">
				<temporal>TIMESTAMP</temporal>
			</basic>
			<basic name="isBillgenerated" />
			<basic name="isBalanceAmount" />
			<basic name="billAmount" />
			<basic name="paidAmount" />
			<transient name="modelAttributes" />
			<transient name="primaryKey" />
			<transient name="primaryKeyObj" />
		</attributes>
	</mapped-superclass>
	<entity class="com.napier.portal.db.model.impl.BedAllocationImpl" name="BedAllocation">
		<table name="NH_PP_BedAllocation" />
		<attributes />
	</entity>
	<entity class="com.napier.portal.db.model.impl.BedReservationImpl" name="BedReservation">
		<table name="NH_PP_BedReservation" />
		<attributes />
	</entity>
	<entity class="com.napier.portal.db.model.impl.DepositImpl" name="Deposit">
		<table name="NH_PP_Deposit" />
		<attributes />
	</entity>
	<entity class="com.napier.portal.db.model.impl.DiagnosticReportImpl" name="DiagnosticReport">
		<table name="NH_PP_DiagnosticReport" />
		<attributes />
	</entity>
	<entity class="com.napier.portal.db.model.impl.DischargeSummaryImpl" name="DischargeSummary">
		<table name="NH_PP_DischargeSummary" />
		<attributes />
	</entity>
	<entity class="com.napier.portal.db.model.impl.DoctorAppointmentImpl" name="DoctorAppointment">
		<table name="NH_PP_DoctorAppointment" />
		<attributes />
	</entity>
	<entity class="com.napier.portal.db.model.impl.DoctorInformationImpl" name="DoctorInformation">
		<table name="NH_PP_DoctorInformation" />
		<attributes />
	</entity>
	<entity class="com.napier.portal.db.model.impl.LabReportImpl" name="LabReport">
		<table name="NH_PP_LabReport" />
		<attributes />
	</entity>
	<entity class="com.napier.portal.db.model.impl.NapierUserImpl" name="NapierUser">
		<table name="NH_PP_NapierUser" />
		<attributes />
	</entity>
	<entity class="com.napier.portal.db.model.impl.PatientBillImpl" name="PatientBill">
		<table name="NH_PP_PatientBill" />
		<attributes />
	</entity>
</entity-mappings>