<?xml version="1.0"?>

<beans xmlns="http://www.springframework.org/schema/beans" xmlns:xsi="http://www.w3.org/2001/XMLSchema-instance" default-destroy-method="destroy" default-init-method="afterPropertiesSet" xsi:schemaLocation="http://www.springframework.org/schema/beans http://www.springframework.org/schema/beans/spring-beans-3.0.xsd">
	<bean id="com.napier.portal.db.service.BedAllocationLocalService" class="com.napier.portal.db.service.impl.BedAllocationLocalServiceImpl" />
	<bean id="com.napier.portal.db.service.persistence.BedAllocationPersistence" class="com.napier.portal.db.service.persistence.BedAllocationPersistenceImpl" parent="basePersistence" />
	<bean id="com.napier.portal.db.service.BedReservationLocalService" class="com.napier.portal.db.service.impl.BedReservationLocalServiceImpl" />
	<bean id="com.napier.portal.db.service.persistence.BedReservationPersistence" class="com.napier.portal.db.service.persistence.BedReservationPersistenceImpl" parent="basePersistence" />
	<bean id="com.napier.portal.db.service.DepositLocalService" class="com.napier.portal.db.service.impl.DepositLocalServiceImpl" />
	<bean id="com.napier.portal.db.service.persistence.DepositPersistence" class="com.napier.portal.db.service.persistence.DepositPersistenceImpl" parent="basePersistence" />
	<bean id="com.napier.portal.db.service.DiagnosticReportLocalService" class="com.napier.portal.db.service.impl.DiagnosticReportLocalServiceImpl" />
	<bean id="com.napier.portal.db.service.persistence.DiagnosticReportPersistence" class="com.napier.portal.db.service.persistence.DiagnosticReportPersistenceImpl" parent="basePersistence" />
	<bean id="com.napier.portal.db.service.DischargeSummaryLocalService" class="com.napier.portal.db.service.impl.DischargeSummaryLocalServiceImpl" />
	<bean id="com.napier.portal.db.service.persistence.DischargeSummaryPersistence" class="com.napier.portal.db.service.persistence.DischargeSummaryPersistenceImpl" parent="basePersistence" />
	<bean id="com.napier.portal.db.service.DoctorAppointmentLocalService" class="com.napier.portal.db.service.impl.DoctorAppointmentLocalServiceImpl" />
	<bean id="com.napier.portal.db.service.persistence.DoctorAppointmentPersistence" class="com.napier.portal.db.service.persistence.DoctorAppointmentPersistenceImpl" parent="basePersistence" />
	<bean id="com.napier.portal.db.service.DoctorInformationLocalService" class="com.napier.portal.db.service.impl.DoctorInformationLocalServiceImpl" />
	<bean id="com.napier.portal.db.service.persistence.DoctorInformationPersistence" class="com.napier.portal.db.service.persistence.DoctorInformationPersistenceImpl" parent="basePersistence" />
	<bean id="com.napier.portal.db.service.LabReportLocalService" class="com.napier.portal.db.service.impl.LabReportLocalServiceImpl" />
	<bean id="com.napier.portal.db.service.persistence.LabReportPersistence" class="com.napier.portal.db.service.persistence.LabReportPersistenceImpl" parent="basePersistence" />
	<bean id="com.napier.portal.db.service.NapierUserLocalService" class="com.napier.portal.db.service.impl.NapierUserLocalServiceImpl" />
	<bean id="com.napier.portal.db.service.persistence.NapierUserPersistence" class="com.napier.portal.db.service.persistence.NapierUserPersistenceImpl" parent="basePersistence" />
	<bean id="com.napier.portal.db.service.PatientBillLocalService" class="com.napier.portal.db.service.impl.PatientBillLocalServiceImpl" />
	<bean id="com.napier.portal.db.service.persistence.PatientBillPersistence" class="com.napier.portal.db.service.persistence.PatientBillPersistenceImpl" parent="basePersistence" />
</beans>