<?xml version="1.0"?>

<model-hints>
	<model name="com.napier.portal.db.model.BedAllocation">
		<field name="bedAllocationId" type="long" />
		<field name="bedReservationNumber" type="String" />
		<field name="bedReservationDate" type="Date" />
		<field name="mrNumber" type="String" />
		<field name="ipNumber" type="String" />
		<field name="bedNumber" type="String" />
		<field name="joiningDate" type="Date" />
		<field name="admissionDate" type="Date" />
		<field name="patientName" type="String" />
		<field name="age" type="int" />
		<field name="gender" type="String" />
		<field name="mobile" type="String" />
		<field name="email" type="String" />
		<field name="status" type="String" />
		<field name="createdUserId" type="long" />
	</model>
	<model name="com.napier.portal.db.model.BedReservation">
		<field name="bedReservationId" type="long" />
		<field name="bedClass" type="String" />
		<field name="ward" type="String" />
		<field name="totalBedCount" type="int" />
		<field name="vacantBedCount" type="int" />
		<field name="hospitalTariff" type="double" />
		<field name="gender" type="String" />
	</model>
	<model name="com.napier.portal.db.model.Deposit">
		<field name="depositId" type="long" />
		<field name="mrNumber" type="String" />
		<field name="ipNumber" type="String" />
		<field name="depositNumber" type="String" />
		<field name="depositAmount" type="double" />
		<field name="depositAgainst" type="String" />
		<field name="depositDate" type="Date" />
		<field name="patientBillId" type="long" />
	</model>
	<model name="com.napier.portal.db.model.DiagnosticReport">
		<field name="diagnosticId" type="long" />
		<field name="mrNumber" type="String" />
		<field name="orderNumber" type="String" />
		<field name="orderDate" type="Date" />
		<field name="reportedOn" type="Date" />
		<field name="ipNumber" type="String" />
		<field name="testName" type="String" />
		<field name="departmentName" type="String" />
		<field name="status" type="boolean" />
		<field name="docPath" type="String" />
	</model>
	<model name="com.napier.portal.db.model.DischargeSummary">
		<field name="dischargeSummaryId" type="long" />
		<field name="mrNumber" type="String" />
		<field name="ipNumber" type="String" />
		<field name="docPath" type="String" />
		<field name="departmentName" type="String" />
		<field name="status" type="boolean" />
		<field name="ward" type="String" />
		<field name="bedClass" type="String" />
		<field name="dischargeDate" type="Date" />
		<field name="admissionDate" type="Date" />
		<field name="primaryDoctor" type="String" />
		<field name="chiefComplaint" type="String" />
	</model>
	<model name="com.napier.portal.db.model.DoctorAppointment">
		<field name="appointmentId" type="long" />
		<field name="appointmentNumber" type="String" />
		<field name="appointmentDate" type="Date" />
		<field name="doctorName" type="String" />
		<field name="specialization" type="String" />
		<field name="mrNumber" type="String" />
		<field name="creationDate" type="Date" />
		<field name="fromTime" type="String" />
		<field name="toTime" type="String" />
		<field name="status" type="String" />
		<field name="patientName" type="String" />
		<field name="age" type="int" />
		<field name="gender" type="String" />
		<field name="mobile" type="String" />
		<field name="email" type="String" />
		<field name="complaint" type="String" />
		<field name="createdByUserId" type="long" />
	</model>
	<model name="com.napier.portal.db.model.DoctorInformation">
		<field name="doctorInfoId" type="long" />
		<field name="specialization" type="String" />
		<field name="doctorName" type="String" />
	</model>
	<model name="com.napier.portal.db.model.LabReport">
		<field name="labId" type="long" />
		<field name="mrNumber" type="String" />
		<field name="orderNumber" type="String" />
		<field name="orderDate" type="Date" />
		<field name="reportedOn" type="Date" />
		<field name="testName" type="String" />
		<field name="ipNumber" type="String" />
		<field name="docPath" type="String" />
		<field name="departmentName" type="String" />
		<field name="status" type="boolean" />
	</model>
	<model name="com.napier.portal.db.model.NapierUser">
		<field name="napierUserId" type="long" />
		<field name="portalUserId" type="long" />
		<field name="mrNumber" type="String" />
		<field name="tpaId" type="String" />
		<field name="coroporateId" type="String" />
		<field name="doctorId" type="String" />
		<field name="age" type="int" />
		<field name="mobile" type="String" />
		<field name="gender" type="String" />
		<field name="specialization" type="String" />
		<field name="userType" type="String" />
		<field name="email" type="String" />
		<field name="name" type="String" />
		<field name="address" type="String" />
		<field name="street1" type="String" />
		<field name="street2" type="String" />
		<field name="postalCode" type="String" />
	</model>
	<model name="com.napier.portal.db.model.PatientBill">
		<field name="patientBillId" type="long" />
		<field name="mrNumber" type="String" />
		<field name="ipNumber" type="String" />
		<field name="billNumber" type="String" />
		<field name="company" type="String" />
		<field name="sponser" type="String" />
		<field name="planName" type="String" />
		<field name="planExpiry" type="Date" />
		<field name="admissionDate" type="Date" />
		<field name="isBillgenerated" type="boolean" />
		<field name="isBalanceAmount" type="boolean" />
		<field name="billAmount" type="double" />
		<field name="paidAmount" type="double" />
	</model>
</model-hints>