<?xml version="1.0" encoding="UTF-8"?>
<beans xmlns="http://www.springframework.org/schema/beans"
	xmlns:xsi="http://www.w3.org/2001/XMLSchema-instance" xmlns:p="http://www.springframework.org/schema/p"
	xmlns:tx="http://www.springframework.org/schema/tx" xmlns:context="http://www.springframework.org/schema/context"
	xsi:schemaLocation="
			http://www.springframework.org/schema/beans 
			http://www.springframework.org/schema/beans/spring-beans-2.5.xsd
			http://www.springframework.org/schema/tx 
			http://www.springframework.org/schema/tx/spring-tx-2.5.xsd
			http://www.springframework.org/schema/context
			http://www.springframework.org/schema/context/spring-context-2.5.xsd">


	<context:annotation-config />


	<context:component-scan base-package="org.jaslok.doctor.schedule.service" />


	<bean id="messageSource"
		class="org.springframework.context.support.ReloadableResourceBundleMessageSource">
		<property name="basenames">
			<list>
				<value>classpath:content/language</value>
			</list>
		</property>
		<property name="defaultEncoding" value="UTF-8"></property>
	</bean>


	<bean id="localeResolver"
		class="org.springframework.web.servlet.i18n.SessionLocaleResolver">
		<property name="defaultLocale" value="en"></property>
	</bean>
	<bean id="localeChangeInterceptor"
		class="org.springframework.web.servlet.i18n.LocaleChangeInterceptor">
		<property name="paramName" value="lang"></property>
	</bean>



	<bean id="doctorScheduleService"
		class="org.jaslok.doctor.schedule.service.DoctorScheduleService" />
</beans>