<?xml version="1.0" encoding="UTF-8"?>
<beans xmlns="http://www.springframework.org/schema/beans"
	xmlns:xsi="http://www.w3.org/2001/XMLSchema-instance" xmlns:p="http://www.springframework.org/schema/p"
	xmlns:tx="http://www.springframework.org/schema/tx" xmlns:context="http://www.springframework.org/schema/context"
	xsi:schemaLocation="
			http://www.springframework.org/schema/beans 
			http://www.springframework.org/schema/beans/spring-beans-2.5.xsd
			http://www.springframework.org/schema/tx 
			http://www.springframework.org/schema/tx/spring-tx-2.5.xsd
			http://www.springframework.org/schema/context
			http://www.springframework.org/schema/context/spring-context-2.5.xsd">


	<context:annotation-config />
	<context:component-scan base-package="org.jaslok.dashboard.service" />

	<bean id="messageSource"
		class="org.springframework.context.support.ReloadableResourceBundleMessageSource">
		<property name="basenames">
			<list>
				<value>classpath:content/language</value>
			</list>
		</property>
		<property name="defaultEncoding" value="UTF-8"></property>
	</bean>


	<bean id="userProfileService" class="org.jaslok.dashboard.service.UserProfileService" />

	<bean id="bedAllocationService" class="org.jaslok.dashboard.service.BedAllocationService" />

	<bean id="doctorAppointmentService" class="org.jaslok.dashboard.service.DoctorAppointmentService" />

	<bean id="dataLoader" class="org.jaslok.dashboard.processor.DataLoader"
		init-method="init" />
</beans>