<?xml version="1.0"?>
<!DOCTYPE log4j:configuration SYSTEM "log4j.dtd">
<log4j:configuration xmlns:log4j="http://jakarta.apache.org/log4j/">

	<appender name="CONSOLE" class="org.apache.log4j.ConsoleAppender">
		<layout class="org.apache.log4j.PatternLayout">
			<param name="ConversionPattern" value="%d{ABSOLUTE} %-5p [%c{1}:%L] %m%n" />
		</layout>
	</appender>

	<appender name="FILE" class="org.apache.log4j.rolling.RollingFileAppender">
		<rollingPolicy class="org.apache.log4j.rolling.TimeBasedRollingPolicy">
			<param name="FileNamePattern" value="patient-portlet.%d{yyyy-MM-dd}.log" />
		</rollingPolicy>

		<layout class="org.apache.log4j.PatternLayout">
			<param name="ConversionPattern" value="%d{ABSOLUTE} %-5p [%c{1}:%L] %m%n" />
		</layout>
	</appender>

	<category name="com.myclient">
		<priority value="TRACE" />
	</category>

	<root>
		<priority value="INFO" />
		<appender-ref ref="CONSOLE" />
		<appender-ref ref="FILE" />
	</root>
</log4j:configuration>