<?xml version="1.0"?>

<portlet-app xmlns="http://java.sun.com/xml/ns/portlet/portlet-app_2_0.xsd"
	xmlns:xsi="http://www.w3.org/2001/XMLSchema-instance"
	xsi:schemaLocation="http://java.sun.com/xml/ns/portlet/portlet-app_2_0.xsd http://java.sun.com/xml/ns/portlet/portlet-app_2_0.xsd"
	version="2.0">
	<portlet>
		<portlet-name>jaslokDashboard</portlet-name>
		<display-name>Jaslok Dashboard</display-name>
		<portlet-class>org.springframework.web.portlet.DispatcherPortlet</portlet-class>
		<init-param>
			<name>contextConfigLocation</name>
			<value>/WEB-INF/context/dashboard-portlet-context.xml</value>
		</init-param>

		<init-param>
			<name>add-process-action-success-action</name>
			<value>false</value>
		</init-param>

		<!-- <init-param> <name>viewRendererUrl</name> <value>/myCustomViewUrl</value> 
			</init-param> -->

		<expiration-cache>0</expiration-cache>

		<supports>
			<mime-type>text/html</mime-type>
			<portlet-mode>view</portlet-mode>
		</supports>
		<!-- properties file name -->
		<resource-bundle>content/language</resource-bundle>

		<portlet-info>
			<title>Jaslok Dashboard</title>
			<short-title>Jaslok Dashboard</short-title>
			<keywords></keywords>
		</portlet-info>
		<security-role-ref>
			<role-name>administrator</role-name>
		</security-role-ref>
		<security-role-ref>
			<role-name>guest</role-name>
		</security-role-ref>
		<security-role-ref>
			<role-name>power-user</role-name>
		</security-role-ref>
		<security-role-ref>
			<role-name>user</role-name>
		</security-role-ref>

	</portlet>
</portlet-app>