<?xml version="1.0" encoding="UTF-8"?>
<!DOCTYPE service-builder PUBLIC "-//Liferay//DTD Service Builder 6.1.0//EN" "http://www.liferay.com/dtd/liferay-service-builder_6_1_0.dtd">

<service-builder package-path="com.napier.portal.db">
	<namespace>NH_PP</namespace>
	<!-- napier user table -->
	<entity name="NapierUser" uuid="false" local-service="true"
		remote-service="false">

		<!-- PK fields -->
		<!-- if existing user table is not fulfill our requirement this need to 
			run service builder to generate custom tables -->
		<column name="napierUserId" type="long" primary="true" />
		<column name="portalUserId" type="long" /><!-- liferay user tableId -->
		<column name="mrNumber" type="String" />
		<column name="tpaId" type="String" />
		<column name="coroporateId" type="String" />
		<column name="doctorId" type="String" />
		<column name="age" type="int" />
		<column name="mobile" type="String" />
		<column name="gender" type="String" />
		<column name="specialization" type="String" />
		<column name="userType" type="String" />
		<column name="email" type="String" />
		<column name="name" type="String" />

		<column name="address" type="String" />
		<column name="street1" type="String" />
		<column name="street2" type="String" />
		<column name="postalCode" type="String" />

		<!-- Order -->


		<order by="asc">
			<order-column name="mrNumber" />
		</order>

		<finder name="portalUserId" return-type="Object">
			<finder-column name="portalUserId" />
		</finder>

		<!-- Finder methods -->

		<finder name="tpaId" return-type="Object">
			<finder-column name="tpaId" />
		</finder>

		<finder name="doctorId" return-type="Object">
			<finder-column name="doctorId" />
		</finder>


		<finder name="mrNumber" return-type="Object">
			<finder-column name="mrNumber" />
		</finder>



	</entity>

	<!-- bed reservation related tables -->
	<entity name="BedReservation" uuid="false" local-service="true"
		remote-service="false">

		<!-- PK fields -->

		<column name="bedReservationId" type="long" primary="true" />
		<column name="bedClass" type="String" />
		<column name="ward" type="String" />
		<column name="totalBedCount" type="int" />
		<column name="vacantBedCount" type="int" />
		<column name="hospitalTariff" type="double" />
		<column name="gender" type="String" />

		<!-- Order -->
		<order by="asc">
			<order-column name="hospitalTariff" />
		</order>

		<finder name="bedClass" return-type="Collection">
			<finder-column name="bedClass" />
		</finder>

		<!-- Finder methods -->

		<finder name="ward" return-type="Collection">
			<finder-column name="ward" />
		</finder>


	</entity>
	<entity name="BedAllocation" uuid="false" local-service="true"
		remote-service="false">
		<column name="bedAllocationId" type="long" primary="true" />
		<column name="bedReservationNumber" type="String" />
		<column name="bedReservationDate" type="Date" />
		<column name="mrNumber" type="String" />
		<column name="ipNumber" type="String" />
		<column name="bedNumber" type="String" />
		<column name="joiningDate" type="Date" />
		<column name="admissionDate" type="Date" />
		<column name="patientName" type="String" />
		<column name="age" type="int" />
		<column name="gender" type="String" />
		<column name="mobile" type="String" />
		<column name="email" type="String" />
		<column name="status" type="String" /><!-- requested, confirmed -->
		<column name="createdUserId" type="long" />

		<finder name="mrNumber" return-type="Collection">
			<finder-column name="mrNumber" />
		</finder>

		<finder name="ipNumber" return-type="Collection">
			<finder-column name="ipNumber" />
		</finder>

		<finder name="userId" return-type="Collection">
			<finder-column name="createdUserId" />
		</finder>

	</entity>

	<!-- diagnostic report related tables -->
	<entity name="DiagnosticReport" uuid="false" local-service="true"
		remote-service="false">

		<!-- PK fields -->
		<!-- if existing user table is not fulfill our requirement this need to 
			run service builder to generate custom tables -->
		<column name="diagnosticId" type="long" primary="true" />
		<column name="mrNumber" type="String" />

		<column name="orderNumber" type="String" />
		<column name="orderDate" type="Date" />
		<column name="reportedOn" type="Date" />
		<column name="ipNumber" type="String" /> <!-- in patient Number -->
		<column name="testName" type="String" />
		<column name="departmentName" type="String" />
		<column name="status" type="boolean" />
		<column name="docPath" type="String" />


		<!-- Order -->

		<order by="asc">
			<order-column name="orderDate" />
		</order>

		<!-- finder methods -->
		<finder name="mrNumber" return-type="Collection">
			<finder-column name="mrNumber" />
		</finder>

		<!-- Finder methods -->

		<finder name="ipNumber" return-type="Collection">
			<finder-column name="ipNumber" />
		</finder>

		<finder name="testName" return-type="Collection">
			<finder-column name="testName" />
		</finder>

		<finder name="status" return-type="Collection">
			<finder-column name="status" />
		</finder>


		<finder name="MR_STATUS" return-type="Collection">
			<finder-column name="mrNumber" />
			<finder-column name="status" />
		</finder>



	</entity>


	<!-- discharge summary -->


	<entity name="DischargeSummary" uuid="false" local-service="true"
		remote-service="false">
		<!-- PK fields -->

		<column name="dischargeSummaryId" type="long" primary="true" />

		<column name="mrNumber" type="String" />

		<column name="ipNumber" type="String" /> <!-- in patient Number -->
		<column name="docPath" type="String" />
		<column name="departmentName" type="String" />
		<column name="status" type="boolean" />

		<column name="ward" type="String" />
		<column name="bedClass" type="String" />

		<column name="dischargeDate" type="Date" />
		<column name="admissionDate" type="Date" />

		<column name="primaryDoctor" type="String" />

		<column name="chiefComplaint" type="String" />


		<!-- Order -->



		<!-- finder methods -->
		<finder name="mrNumber" return-type="Collection">
			<finder-column name="mrNumber" />
		</finder>

		<!-- Finder methods -->

		<finder name="ipNumber" return-type="Collection">
			<finder-column name="ipNumber" />
		</finder>


		<finder name="bedClass" return-type="Object">
			<finder-column name="bedClass" />
		</finder>


		<finder name="ward" return-type="Collection">
			<finder-column name="ward" />
		</finder>

		<finder name="WardBed" return-type="Object">
			<finder-column name="ward" />
			<finder-column name="bedClass" />
		</finder>


		<finder name="dischargeDate" return-type="Collection">
			<finder-column name="dischargeDate" />
		</finder>


		<finder name="admissionDate" return-type="Collection">
			<finder-column name="admissionDate" />
		</finder>


	</entity>



	<!-- doctor schedules -->

	<entity name="DoctorAppointment" uuid="false" local-service="true"
		remote-service="false">

		<!-- PK fields -->

		<column name="appointmentId" type="long" primary="true" />
		<column name="appointmentNumber" type="String" />
		<column name="appointmentDate" type="Date" />
		<column name="doctorName" type="String" />
		<column name="specialization" type="String" />
		<column name="mrNumber" type="String" />
		<column name="creationDate" type="Date" />
		<column name="fromTime" type="String" />
		<column name="toTime" type="String" />
		<column name="status" type="String" /><!-- due,completed,cancelled -->

		<column name="patientName" type="String" />
		<column name="age" type="int" />
		<column name="gender" type="String" />
		<column name="mobile" type="String" />
		<column name="email" type="String" />
		<column name="complaint" type="String" />

		<column name="createdByUserId" type="long" />


		<!-- Order -->
		<order by="asc">
			<order-column name="creationDate" />
		</order>

		<finder name="userId" return-type="Collection">
			<finder-column name="createdByUserId" />
		</finder>

	</entity>

	<entity name="DoctorInformation" uuid="false" local-service="true"
		remote-service="false">
		<column name="doctorInfoId" type="long" primary="true" />
		<column name="specialization" type="String" />
		<column name="doctorName" type="String" />
	</entity>

	<!-- lab report -->




	<entity name="LabReport" uuid="false" local-service="true"
		remote-service="false">

		<!-- PK fields -->
		<!-- if existing user table is not fulfill our requirement this need to 
			run service builder to generate custom tables -->
		<column name="labId" type="long" primary="true" />
		<column name="mrNumber" type="String" />
		<column name="orderNumber" type="String" />
		<column name="orderDate" type="Date" />
		<column name="reportedOn" type="Date" />
		<column name="testName" type="String" />
		<column name="ipNumber" type="String" />
		<column name="docPath" type="String" />
		<column name="departmentName" type="String" />
		<column name="status" type="boolean" />


		<!-- Order -->

		<order by="asc">
			<order-column name="orderDate" />
		</order>

		<!-- finder methods -->
		<finder name="mrNumber" return-type="Collection">
			<finder-column name="mrNumber" />
		</finder>

		<!-- Finder methods -->

		<finder name="ipNumber" return-type="Collection">
			<finder-column name="ipNumber" />
		</finder>

		<finder name="testName" return-type="Collection">
			<finder-column name="testName" />
		</finder>

		<finder name="status" return-type="Collection">
			<finder-column name="status" />
		</finder>


	</entity>


	<!-- patient bill -->


	<entity name="PatientBill" uuid="false" local-service="true"
		remote-service="false">

		<!-- PK fields -->

		<column name="patientBillId" type="long" primary="true" />
		<column name="mrNumber" type="String" />
		<column name="ipNumber" type="String" />
		<column name="billNumber" type="String" />
		<column name="company" type="String" />
		<column name="sponser" type="String" />
		<column name="planName" type="String" />
		<column name="planExpiry" type="Date" />

		<column name="admissionDate" type="Date" />
		<column name="isBillgenerated" type="boolean" />
		<column name="isBalanceAmount" type="boolean" />

		<column name="billAmount" type="double" />
		<column name="paidAmount" type="double" />

		<column name="deposits" type="Collection" entity="Deposit"
			mapping-key="patientBillId" />

		<!-- Order -->

		<order by="asc">
			<order-column name="admissionDate" />
		</order>

		<finder return-type="Collection" name="mrNumber">
			<finder-column name="mrNumber" />
		</finder>

		<finder return-type="Collection" name="ipNumber">
			<finder-column name="ipNumber" />
		</finder>

		<finder return-type="Collection" name="company">
			<finder-column name="company" />
		</finder>

		<finder return-type="Collection" name="sponser">
			<finder-column name="sponser" />
		</finder>


		<finder return-type="Collection" name="companySponser">
			<finder-column name="sponser" />
			<finder-column name="company" />
		</finder>
	</entity>


	<entity name="Deposit" uuid="false" local-service="true"
		remote-service="false">

		<column name="depositId" type="long" primary="true" />
		<column name="mrNumber" type="String" />
		<column name="ipNumber" type="String" />
		<column name="depositNumber" type="String" />
		<column name="depositAmount" type="double" />
		<column name="depositAgainst" type="String" />
		<column name="depositDate" type="Date" />
		<column name="patientBillId" type="long" />

		<order by="asc">
			<order-column name="depositDate" />
		</order>

		<finder return-type="Collection" name="patientBillId">
			<finder-column name="patientBillId" />
		</finder>

		<finder return-type="Object" name="depositNumber">
			<finder-column name="depositNumber" />
		</finder>

		<finder return-type="Collection" name="mrNumber">
			<finder-column name="mrNumber" />
		</finder>

		<finder return-type="Collection" name="ipNumber">
			<finder-column name="ipNumber" />
		</finder>

		<finder return-type="Collection" name="depositDate">
			<finder-column name="depositDate" />
		</finder>

	</entity>





</service-builder>